<?xml version="1.0" encoding="utf-8"?>

<livearea style="a4" format-ver="01.03" content-rev="1">
	<title color="#e4e4e4ff"/> 
    <livearea-background>
		<image>bg0.png</image>
	</livearea-background>
	
	<gate>
		<startup-image>default_gate.png</startup-image>
	</gate>

	<frame id="frame3"> 
<liveitem>
<text align="center" text-align="left" elipsis="on">
				<str color="#ffffff" size="34" bold="on" shadow="on">Rabbid MultiTool Lua</str></text>
</liveitem>
    </frame>
	<frame id="frame4"> 
<liveitem>
<text align="center" text-align="left" elipsis="on">
				<str color="#ffffff" size="34" shadow="on">by Harommel Rabbid</str>
</text>
</liveitem>
    </frame>
	<frame id="frame5"> 
<liveitem>
<text align="center" text-align="left" elipsis="on">
				<str color="#ffffff" size="25" shadow="on">v0.9</str>
</text>
</liveitem>
    </frame>
</livearea>
